variable,corr_log_level,p_log_level,n_log_level,corr_log_return,p_log_return,n_log_return
crude_oil_price,-0.04944122426955339,0.7185642701531243,55,0.11788289224143367,0.39197879579249895,54
wfp_wheat_price_usd_mean,0.37752207228183987,0.00031744814565959345,80,0.06095696178673734,0.5920333903368391,79
wfp_maize_price_usd_mean,0.28049826129283284,0.009854163455309761,80,0.029663679256995857,0.7945457352374783,79
wfp_soybeans_price_usd_mean,0.6425922207925074,5.413447468072263e-13,76,-0.06524412889559082,0.5764099266424885,75
wfp_cotton_price_usd_mean,0.7042938407700907,0.0,80,0.03392958397674111,0.7657776442584554,79
wfp_palm_oil_price_usd_mean,0.2862550948819338,0.009672798103894875,77,0.028110625277543495,0.8088480870392161,76
