{"quarters": ["2005Q1", "2005Q2", "2005Q3", "2005Q4", "2006Q1", "2006Q2", "2006Q3", "2006Q4", "2007Q1", "2007Q2", "2007Q3", "2007Q4", "2008Q1", "2008Q2", "2008Q3", "2008Q4", "2009Q1", "2009Q2", "2009Q3", "2009Q4", "2010Q1", "2010Q2", "2010Q3", "2010Q4", "2011Q1", "2011Q2", "2011Q3", "2011Q4", "2012Q1", "2012Q2", "2012Q3", "2012Q4", "2013Q1", "2013Q2", "2013Q3", "2013Q4", "2014Q1", "2014Q2", "2014Q3", "2014Q4", "2015Q1", "2015Q2", "2015Q3", "2015Q4", "2016Q1", "2016Q2", "2016Q3", "2016Q4", "2017Q1", "2017Q2", "2017Q3", "2017Q4", "2018Q1", "2018Q2", "2018Q3", "2018Q4", "2019Q1", "2019Q2", "2019Q3", "2019Q4", "2020Q1", "2020Q2", "2020Q3", "2020Q4", "2021Q1", "2021Q2", "2021Q3", "2021Q4", "2022Q1", "2022Q2", "2022Q3", "2022Q4", "2023Q1", "2023Q2", "2023Q3", "2023Q4", "2024Q1", "2024Q2", "2024Q3", "2024Q4", "2025Q1", "2025Q2", "2025Q3", "2025Q4"], "series": {"weighted_gdp": [121331.21739130435, 127065.30604429539, 133070.3865606114, 139359.26596058861, 111003.41269841269, 118330.1351888439, 126140.45418452522, 134466.2892211284, 102474.04255319148, 109171.9861439242, 116307.72302578572, 123909.86839434486, 242360.10416666672, 248898.84613781417, 255613.99976182933, 262510.3245278318, 217944.42105263157, 227440.43676389047, 237350.201604184, 247691.74295962663, 231660.0754716981, 244559.70923977296, 258177.63920546247, 272553.86258394225, 321046.77894736844, 331647.72442525777, 342598.71249006747, 353911.301527124, 439642.4810126583, 452948.2422958259, 466656.7018872118, 480780.04743425583, 381147.4285714286, 389796.27050418645, 398641.3684291681, 407687.1757072724, 433841.1486486487, 439854.9237641838, 445952.06001605385, 452133.71293118125, 491618.52173913043, 493141.6138133581, 494669.4246061939, 496201.96873678354, 505058.95588235295, 516316.2539952131, 527824.4668959922, 539589.187243796, 551616.1323529412, 568551.7072275071, 586007.2337124593, 603998.6752267636, 622542.4852941177, 627570.7263397276, 632639.5802087353, 637749.3749286572, 477783.9344262295, 482077.7296069122, 486410.112684184, 490781.4304435113, 1313335.391304348, 1375847.323433472, 1441334.6887111964, 1509939.1113382168, 1070047.2352941176, 1071763.8793466915, 1073483.2773588155, 1075205.4337485838, 1771724.129032258, 1770817.021332538, 1769910.378064253, 1769004.1989896176, 1015019.5, 1021589.5724967682, 1028202.1721101218, 1034857.5741118547, 1124880.54, 1132066.8220608095, 1139299.0135742424, 1146577.407832131, NaN, NaN, NaN, NaN], "vol_oil": [0.02631343538643218, 0.022806401746266226, 0.02049409120209848, 0.018207616352666156, 0.02034999023066841, 0.01895102210596715, 0.01577207625469885, 0.0183567098918544, 0.023180701142677743, 0.015986936388507733, 0.014885194908825686, 0.020317571035122328, 0.021661258134867283, 0.021216008783508364, 0.04008704559967573, 0.059306725876856314, 0.05352675820421586, 0.02868018724890255, 0.025385770196111813, 0.017832203151899206, 0.01722369327725261, 0.02372823719506701, 0.017284513383208598, 0.01520107732151864, 0.01958513577552726, 0.022468345127381825, 0.02444883105583967, 0.020063709150817875, 0.013355298239984043, 0.019290371385287317, 0.016249471568008433, 0.016088113028416944, 0.008623283301370764, 0.01325913902277411, 0.013025427716784043, 0.010403383340668367, 0.011095092383735763, 0.008490452473819592, 0.016130285571217182, 0.02405398520344268, 0.035671731904890085, 0.022942217297424194, 0.03248424872526758, 0.02573881194059845, 0.04260015122284172, 0.023461822677308668, 0.02559762197589205, 0.021991778354488765, 0.015635244741382635, 0.017492391528827308, 0.016171089984169506, 0.012911166381003673, 0.014524498918040333, 0.019512898428751466, 0.005449081008675763, NaN, NaN, NaN, NaN, NaN, NaN, NaN, NaN, NaN, NaN, NaN, NaN, NaN, NaN, NaN, NaN, NaN, NaN, NaN, NaN, NaN, NaN, NaN, NaN, NaN, NaN, NaN, NaN, NaN], "vol_food": [0.20547768969554142, 0.24288023906324802, 0.05647457062330845, 0.032845573008070214, 0.41390160192539754, 0.0448757264991578, 0.05652756327956355, 0.07682683954507463, 0.12693383119344745, 0.05647527893732542, 0.2196378478593514, 0.06464246891735835, 0.08892171438827036, 0.1078545504967519, 0.023415091792546708, 0.08721993962390025, 0.1951625607244154, 0.03178263235440655, 0.1371239240987897, 0.02561122343656333, 0.04060246701122787, 0.027242349774198236, 0.0033035834165089663, 0.0419615556251946, 0.04463294403565911, 0.10898704588796979, 0.10681018984784253, 0.032139713140525994, 0.020638799296721484, 0.08448580187302511, 0.2448022382353799, 0.2605238423558042, 0.27463101741659407, 0.10827761737248286, 0.0413508719880243, 0.11797080030506829, 0.08338099813451126, 0.04505464646721165, 0.1378285562097582, 0.061813180305794795, 0.1310493111530241, 0.010906789572044634, 0.11294192485064976, 0.13265015589152057, 0.07843731082577292, 0.03715177704728391, 0.09561842877904173, 0.05648827331594178, 0.020926298567206757, 0.024250712911892746, 0.0842088358817288, 0.02502418833976295, 0.688958102232706, 0.03196586790334751, 0.014573709593733067, 0.05404595868737936, 0.08459276083118004, 0.1090032681281418, 0.8989546102665588, 0.7761628569074541, 0.13302281826130902, 1.0301171640226061, 0.056956843761556866, 0.03216692853289853, 0.06414360536588089, 0.11008204858277207, 0.053946085582604955, 0.03219200765352192, 0.07809933042645992, 0.009663800286731538, 0.05933564457825314, 0.08706362432157427, 0.14684031600116482, 0.10146459422061413, 0.13437668111932574, 0.04423598525807094, 0.024758458594304988, 0.2075023437735501, 0.10574423704468003, 0.08722924811379637, 0.29795585608197067, 0.12028550268705561, 1.0268707631843876, NaN]}}